﻿<?xml version="1.0" encoding="UTF-8" standalone="yes"?>
<addon id="repository.boleanly-kodi-repo" version="1.1.0" name="boleanly-kodi-repo" provider-name="boleanly">
    <extension point="xbmc.addon.repository" name="boleanly-kodi-repo">
        <dir>
            <info compressed="false">https://boleanly.github.io/kodi-repo/addons.xml</info>
            <checksum>https://boleanly.github.io/kodi-repo/addons.xml.md5</checksum>
            <datadir zip="true">https://boleanly.github.io/kodi-repo/</datadir>
        </dir>
        <dir>
            <info compressed="false">https://raw.githubusercontent.com/jsergio123/zips/master/addons.xml</info>
            <checksum>https://raw.githubusercontent.com/jsergio123/zips/master/addons.xml.md5</checksum>
            <datadir zip="true">https://raw.githubusercontent.com/jsergio123/zips/master/</datadir>
        </dir>
        <dir>
            <info compressed="false">https://raw.githubusercontent.com/Gujal00/smrzips/master/addons.xml</info>
            <checksum>https://raw.githubusercontent.com/Gujal00/smrzips/master/addons.xml.md5</checksum>
            <datadir zip="true">https://raw.githubusercontent.com/Gujal00/smrzips/master/zips/</datadir>
        </dir>
    </extension>
    <extension point="xbmc.addon.metadata">
        <summary lang="en">boleanly-kodi-repo</summary>
        <description lang="en">boleanly-kodi-repo</description>
        <platform>all</platform>
    </extension>
</addon>
