﻿<?xml version="1.0" encoding="UTF-8" standalone="yes"?>
<addon id="repository.boleanly-kodi-repo" version="1.0.0" name="boleanly-kodi-repo" provider-name="aznhusband, boleanly">
    <extension point="xbmc.addon.repository" name="boleanly-kodi-repo">
        <info compressed="false">https://boleanly.github.io/addons.xml</info>
        <checksum>https://boleanly.github.io/addons.xml.md5</checksum>
        <datadir zip="true">https://boleanly.github.io/</datadir>
    </extension>
    <extension point="xbmc.addon.metadata">
        <summary lang="en">boleanly-kodi-repo</summary>
        <description lang="en">boleanly-kodi-repo</description>
        <platform>all</platform>
    </extension>
</addon>
